cliente_nome=aaaaa;cliente_endereco=rua jose;cliente_telefone=4677-8977;cliente_email=aaaa@222.com;hamburguer_nome=Black Burguer;hamburguer_preco=12,99;shake_nome=Morango;shake_preco=19,99;data_pedido=27/11/2019 16:05:43;preco_total=32,98
cliente_nome=aaaaa;cliente_endereco=rua jose;cliente_telefone=4677-8977;cliente_email=aaaa@222.com;hamburguer_nome=Furioso;hamburguer_preco=9,99;shake_nome=Morango;shake_preco=19,99;data_pedido=27/11/2019 16:19:14;preco_total=29,98
cliente_nome=aaaaa;cliente_endereco=rua jose;cliente_telefone=4677-8977;cliente_email=aaaa@222.com;hamburguer_nome=Black Burguer;hamburguer_preco=12,99;shake_nome=Morango;shake_preco=19,99;data_pedido=27/11/2019 16:24:52;preco_total=32,98
cliente_nome=aaaaa;cliente_endereco=rua jose;cliente_telefone=4677-8977;cliente_email=aaaa@222.com;hamburguer_nome=Vegeburguer;hamburguer_preco=10,99;shake_nome=Açai;shake_preco=6,99;data_pedido=27/11/2019 16:26:25;preco_total=17,98
cliente_nome=aaaaa;cliente_endereco=rua jose;cliente_telefone=4677-8977;cliente_email=aaaa@222.com;hamburguer_nome=Happyburguer;hamburguer_preco=1,99;shake_nome=Morango;shake_preco=19,99;data_pedido=27/11/2019 16:37:04;preco_total=21,98
